{"cameraMode":{"drawMode":0,"name":"Shaded","section":"Shading Mode"},"sceneLighting":false,"audioPlay":false,"sceneViewState":{"showFog":true,"showMaterialUpdate":true,"showSkybox":true,"showFlares":true,"showImageEffects":true,"showParticleSystems":true},"in2DMode":false,"pivot":{"x":-0.2816251516342163,"y":-0.44210541248321535,"z":7.634921073913574},"rotation":{"x":-0.04197193682193756,"y":0.9487231969833374,"z":-0.278878390789032,"w":-0.14279218018054963},"size":3.1067888736724855,"orthographic":false}