{"cameraMode":{"drawMode":0,"name":"Shaded","section":"Shading Mode"},"sceneLighting":false,"audioPlay":false,"sceneViewState":{"showFog":true,"showMaterialUpdate":true,"showSkybox":true,"showFlares":true,"showImageEffects":true,"showParticleSystems":true},"in2DMode":false,"pivot":{"x":409.9139099121094,"y":611.7958984375,"z":264.2080383300781},"rotation":{"x":-0.077276311814785,"y":0.03379954397678375,"z":-0.0026216558180749418,"w":-0.9964331984519959},"size":818.2788696289063,"orthographic":false}